{"cameraMode":{"drawMode":0,"name":"Shaded","section":"Shading Mode"},"sceneLighting":false,"audioPlay":false,"sceneViewState":{"showFog":true,"showMaterialUpdate":true,"showSkybox":false,"showFlares":true,"showImageEffects":true,"showParticleSystems":true},"in2DMode":false,"pivot":{"x":1.3077640533447266,"y":-0.3729696273803711,"z":-14.095794677734375},"rotation":{"x":0.18051064014434815,"y":-0.5829991102218628,"z":0.13481387495994569,"w":0.7806123495101929},"size":6.816289901733398,"orthographic":false}