{"cameraMode":{"drawMode":0,"name":"Shaded","section":"Shading Mode"},"sceneLighting":false,"audioPlay":false,"sceneViewState":{"showFog":true,"showMaterialUpdate":true,"showSkybox":false,"showFlares":true,"showImageEffects":true,"showParticleSystems":true},"in2DMode":false,"pivot":{"x":2.886949062347412,"y":-0.8498380184173584,"z":1.6521668434143067},"rotation":{"x":0.18994703888893128,"y":0.037316981703042987,"z":-0.007225271314382553,"w":0.9810593724250794},"size":4.821269512176514,"orthographic":false}