{"cameraMode":{"drawMode":0,"name":"Shaded","section":"Shading Mode"},"sceneLighting":true,"audioPlay":false,"sceneViewState":{"showFog":true,"showMaterialUpdate":true,"showSkybox":true,"showFlares":true,"showImageEffects":true,"showParticleSystems":true},"in2DMode":false,"pivot":{"x":2.0236644744873049,"y":1.354574203491211,"z":3.7035722732543947},"rotation":{"x":0.189408540725708,"y":-0.31976962089538576,"z":0.06540243327617645,"w":0.9260653257369995},"size":12.42410945892334,"orthographic":false}