{"cameraMode":{"drawMode":0,"name":"Shaded","section":"Shading Mode"},"sceneLighting":false,"audioPlay":false,"sceneViewState":{"showFog":true,"showMaterialUpdate":true,"showSkybox":false,"showFlares":true,"showImageEffects":true,"showParticleSystems":true},"in2DMode":false,"pivot":{"x":-0.0009667277336120606,"y":1.6758877038955689,"z":-0.00015997886657714844},"rotation":{"x":0.189408540725708,"y":-0.31976962089538576,"z":0.06540243327617645,"w":0.9260653257369995},"size":4.217729568481445,"orthographic":false}