{"cameraMode":{"drawMode":0,"name":"Shaded","section":"Shading Mode"},"sceneLighting":false,"audioPlay":false,"sceneViewState":{"showFog":true,"showMaterialUpdate":true,"showSkybox":false,"showFlares":true,"showImageEffects":true,"showParticleSystems":true},"in2DMode":false,"pivot":{"x":-0.0009295940399169922,"y":1.195116639137268,"z":0.00012600421905517578},"rotation":{"x":0.189408540725708,"y":-0.31976962089538576,"z":0.06540243327617645,"w":0.9260653257369995},"size":4.044012069702148,"orthographic":false}