{"cameraMode":{"drawMode":0,"name":"Shaded","section":"Shading Mode"},"sceneLighting":false,"audioPlay":false,"sceneViewState":{"showFog":true,"showMaterialUpdate":true,"showSkybox":false,"showFlares":true,"showImageEffects":true,"showParticleSystems":true},"in2DMode":false,"pivot":{"x":-30.40019989013672,"y":2.6244473457336427,"z":-13.200111389160157},"rotation":{"x":0.189408540725708,"y":-0.31976962089538576,"z":0.06540243327617645,"w":0.9260653257369995},"size":5.50226354598999,"orthographic":false}